application_id,org_id,shift_id,first_name,middle_name,last_name,name_suffix,voting_street_address_one,voting_street_address_two,voting_city,voting_state,voting_zipcode,mailing_street_address_one,mailing_street_address_two,mailing_city,mailing_state,mailing_zipcode,county,gender,date_of_birth,phone_number,email_address,updated_at,party,name_prefix,ethnicity,latitude,longitude,completed,registration_date,shift_type,locations_state,program_type,program_sub_type,collection_medium,office,field_start,field_end,evc_month,evc_year
af29d115-ef24-4d62-9dd9-61e6830b54fa,org_5,1234,Kristen,Matthew,Smith,DDS,90493 Karen Dale,4,Port Jason,AR,55933,55230 Darius Cliff,0,Lake Samanthastad,KS,17250,county_3,other,1931-11-09,2005914570,shane903yahoo.com,2022-05-08,democrat,Dr.,unknown,-5.092275,-125.212801,true,2022-04-28,2089,NC,digital,aligned,web,office_3,2022-10-11,2022-10-11 02:00:00.000,April,2022
4307c68c-4254-44a1-974f-1eedf5b0f16c,org_5,6877,Denise,Holly,Haley,DVM,0222 Shawn Fort,8,East Jessemouth,CA,33371,399 Scott Manors,4,East Austinchester,GA,15072,county_2,female,1920-09-20,231308774,wlewis7gmail.com,2022-05-23,democrat,Dr.,caucasian,-76.2467795,44.420839,false,2022-06-19,2969,CT,digital,aligned,tablet,office_2,2022-07-01,2022-07-01 02:00:00.000,June,2022
fbc80976-b0bd-44fe-8a21-f7035dd1d183,org_3,5050,Andrew,Gina,Garcia,MD,070 Walsh Mountain,3,North Justinstad,ME,95340,73195 Baldwin Dam,5,Barronview,DE,16617,county_2,other,1952-05-16,9707457254,efox8hotmail.com,2022-09-26,independent,Miss,black,-27.823003,-96.033647,false,2022-06-25,4250,OH,digital,evc_funded,tablet,office_2,2022-03-24,2022-03-24 02:00:00.000,June,2022
258117a5-8b96-4e9c-bf6c-6a1b2d1724ab,org_4,1095,Lauren,Rhonda,Maldonado,PhD,46357 Alexandria Creek,2,Davishaven,IA,94265,27365 Steven Stravenue Apt. 962,6,South Joshuaview,UT,96347,county_7,other,1995-01-12,3893660578,gsantos4gmail.com,2022-08-16,independent,Dr.,black,-32.152371,-126.067355,true,2022-09-18,9137,WA,remote,aligned,paper,office_8,2022-09-14,2022-09-14 02:00:00.000,September,2022
9cc13f0e-022c-46e7-a34b-a7499ca72c90,org_4,7898,Jon,Ashlee,Mcdonald,DDS,0781 Buckley Isle,7,Nataliemouth,AK,10961,64202 James Mountain Suite 204,8,Rasmussenstad,AZ,71017,county_7,other,1967-02-11,4727841454,debbie46hotmail.com,2022-05-22,independent,Ms.,black,70.0391485,104.791759,true,2022-09-11,8268,RI,field,aligned,tablet,office_4,2022-05-02,2022-05-02 02:00:00.000,September,2022
47095b9b-85cb-4c08-bb6b-88648fb18c7e,org_1,1833,Daniel,Lori,Gray,PhD,5157 Jackson Mills,4,Klinemouth,RI,28799,2137 Karen Vista Suite 252,2,West Lindsey,RI,50047,county_7,other,1953-06-06,5648915467,jonathanvalenzuela2yahoo.com,2022-10-19,democrat,Dr.,black,-55.893737,-164.951763,true,2022-03-22,2737,MI,field,aligned,tablet,office_6,2022-02-05,2022-02-05 02:00:00.000,March,2022
63d136f9-983a-481c-9562-33b3d337d795,org_5,4663,Taylor,Rachel,Ward,DDS,23542 Ward Corners Suite 333,9,West Shelbyton,FL,23762,7425 Matthew Trafficway,9,Perezton,MO,62602,county_8,other,1949-12-21,9919887672,ccruzgmail.com,2022-04-30,independent,Mrs.,nativeAmerican,44.218957,-85.997017,true,2022-04-07,5010,NH,field,aligned,tablet,office_6,2022-01-30,2022-01-30 02:00:00.000,April,2022
6d63da49-2598-419d-8662-79ca2c52c981,org_1,5505,Teresa,Debra,Williams,III,72802 Brandon Plains,0,Evelynbury,DC,49197,28131 Lewis Center Apt. 659,6,New Daniel,WY,20343,county_4,female,1958-03-14,4562626541,kennedyjustin4yahoo.com,2022-04-18,independent,Mrs.,unknown,56.8429585,173.384309,true,2021-11-17,9862,OH,remote,evc_funded,paper,office_7,2022-06-19,2022-06-19 02:00:00.000,November,2021
a01c5760-235a-490e-a524-b7e00a02af7d,org_1,4300,Jacqueline,Thomas,Williams,PhD,503 Donald Square,8,Port Stephanie,TN,61302,25489 Robert Mall Apt. 741,4,East Robertview,ND,95907,county_7,other,1978-05-13,7756794939,wwallace5yahoo.com,2021-12-03,democrat,Dr.,caucasian,78.11696,73.050823,true,2022-08-31,9451,DC,mail,evc_funded,web,office_2,2021-11-10,2021-11-10 02:00:00.000,August,2022
32aa009f-076f-458d-9ed5-ed22c9f8ec02,org_3,959,Luis,Jonathan,Ramsey,DDS,67049 Jason Estates Suite 197,4,South Timothybury,FL,74544,39599 Warren Freeway Apt. 804,3,New Jessica,WY,57663,county_2,male,1960-03-04,3308819800,zmann2gmail.com,2022-03-27,independent,Dr.,caucasian,42.275533,131.858341,true,2022-08-06,7539,VA,remote,aligned,tablet,office_1,2022-05-10,2022-05-10 02:00:00.000,August,2022
244bc589-a61e-480d-a11b-8e150ab012f3,org_2,5270,John,Brandon,Thomas,MD,881 Samuel Dam,0,Williamview,NJ,06666,1951 Cox Roads Suite 748,9,North Bradley,NE,83499,county_1,male,1998-05-16,188966632,christinasmith3hotmail.com,2022-02-28,democrat,Mr.,hispanic,61.913313,-62.110408,false,2021-11-30,5900,DE,field,evc_funded,paper,office_4,2021-12-15,2021-12-15 02:00:00.000,November,2021
147a7953-67c2-44e6-b131-968c019b949c,org_5,4604,Brandi,Jeffrey,Fox,IV,2262 Moss Center Apt. 876,9,Martinberg,MI,19589,2269 Pollard Mountains,7,South Ryan,WA,29253,county_6,other,1911-02-15,879443775,psolomonhotmail.com,2022-05-03,republican,Dr.,black,-60.542806,91.322057,false,2022-10-20,4025,VA,digital,evc_funded,mail,office_8,2022-07-06,2022-07-06 02:00:00.000,October,2022
f69419fc-1714-43c8-b461-ffe38572f656,org_4,7414,Christina,Katie,Horton,PhD,23267 Erickson Stravenue Apt. 645,9,Evansview,SD,41597,9037 Danny Villages,5,Cassidyfurt,HI,98497,county_6,female,1978-07-23,3719050472,smithrichardhotmail.com,2022-10-11,republican,Dr.,hispanic,-30.151943,148.708945,true,2022-01-09,5471,ME,digital,aligned,mail,office_5,2021-12-09,2021-12-09 02:00:00.000,January,2022
5df21ad4-92bb-43ed-b6ac-605680f215e0,org_2,5925,Megan,Tina,White,PhD,97364 William Estates,0,Wangstad,SC,24078,927 Krystal Dale,3,North Christine,NH,84199,county_4,other,1932-01-05,514095761,mullengregoryyahoo.com,2022-02-17,democrat,Ind.,caucasian,-69.9447265,102.704266,false,2022-09-12,4789,LA,field,evc_funded,tablet,office_7,2022-10-25,2022-10-25 02:00:00.000,September,2022
4ee3a07d-963b-48a0-afb3-b726202b1113,org_4,3245,Meredith,Heather,Stevens,II,95413 Lisa Forges,0,Davidville,MN,09892,2634 Karen Junctions,2,Port Amyton,DC,97230,county_8,male,1998-12-19,1210125249,christopherspearshotmail.com,2022-09-14,republican,Dr.,hispanic,89.131475,54.642809,true,2022-04-14,613,MA,digital,aligned,web,office_3,2022-05-29,2022-05-29 02:00:00.000,April,2022
dce17831-a822-40f6-9e1a-2e93f4bca0cf,org_1,2052,Gabrielle,Nicholas,Fisher,PhD,811 James Road Apt. 852,8,East Erica,TN,53727,53051 Smith Crescent Suite 583,5,Perezberg,GA,17641,county_3,male,1927-05-27,4670160103,ysmith3yahoo.com,2022-01-12,republican,Miss,other,-21.035274,125.788488,true,2022-05-25,5069,ME,digital,aligned,mail,office_7,2022-08-30,2022-08-30 02:00:00.000,May,2022
2c56a0ee-64be-4726-bc43-09324b6862b9,org_4,4826,Krystal,Steven,Coleman,DDS,046 Ramsey Villages,8,Millsview,GA,29145,33628 William Via Apt. 147,2,Lake Nathanielburgh,IN,72968,county_1,male,1983-05-03,6843263393,andrea94gmail.com,2022-07-14,independent,Mx.,caucasian,-76.2837785,-149.991162,false,2022-01-20,9081,MD,mail,evc_funded,mail,office_6,2022-01-16,2022-01-16 02:00:00.000,January,2022
5e0e9de7-352d-4211-8c33-8a2772673af9,org_3,7281,Joseph,Wayne,Wright,DDS,3267 Robert Hill,1,Port Kristina,MT,09195,05398 Jordan Skyway,9,Dakotatown,CA,27426,county_1,other,1978-12-19,4109054162,nsmith9gmail.com,2022-10-09,democrat,Dr.,asian,-62.579502,-51.363014,false,2022-02-08,772,IL,remote,evc_funded,tablet,office_3,2021-12-23,2021-12-23 02:00:00.000,February,2022
3de686e5-a531-439e-b338-621a9540500b,org_3,5409,Heather,Nancy,Harris,V,57233 Campbell Corner,3,Deniseport,ND,41445,1782 Mitchell Road,6,Clayville,ND,24953,county_4,other,1993-03-29,1719270263,pbrooks4gmail.com,2021-12-16,republican,Dr.,asian,27.335438,-106.111314,true,2022-06-22,4240,NJ,mail,evc_funded,tablet,office_1,2021-12-20,2021-12-20 02:00:00.000,June,2022
ca107fd9-0e79-4b05-8b33-98be35000895,org_4,8230,Katherine,Jamie,Combs,II,61699 Sims Burg,0,North Renee,ID,30192,488 Wilson Valley,2,Jamesland,HI,89712,county_1,female,1997-10-10,7709035134,jacksonjames8yahoo.com,2021-12-21,republican,Dr.,caucasian,-50.7218325,-6.140563,true,2022-01-30,9617,IN,remote,aligned,mail,office_2,2022-05-13,2022-05-13 02:00:00.000,January,2022
51b21585-df0f-4473-a7ec-49c9648fb33a,org_1,7524,Bobby,Stephen,Tapia,PhD,086 Wilson Heights Suite 632,3,Port Anthonyside,TX,17274,9020 Sara Camp Suite 822,7,Emilychester,OH,80426,county_3,female,1963-09-18,337877004,nbrucehotmail.com,2022-09-20,republican,Dr.,black,33.798131,102.916594,false,2022-01-11,9136,HI,mail,evc_funded,tablet,office_3,2021-11-16,2021-11-16 02:00:00.000,January,2022
0dfbb782-c879-48ca-b9e9-da5f559259b4,org_5,9966,Joshua,Lindsay,Nguyen,DDS,93295 Brown Valley,3,East Michaeltown,WA,90125,9209 Jones Estates Apt. 144,5,Leview,NH,95975,county_4,male,1981-10-08,9099166697,robert04gmail.com,2022-01-07,independent,Dr.,hispanic,-32.046686,-130.501453,false,2022-03-23,4824,MA,field,evc_funded,web,office_5,2022-01-15,2022-01-15 02:00:00.000,March,2022
25161925-d29c-49cf-a88f-4b03f09cea85,org_3,4306,Tracy,Andrea,Mejia,DVM,589 Reynolds Loaf Apt. 618,2,West Phillipshire,CO,98115,7947 Amy Village Suite 639,1,East Marissaview,UT,03936,county_5,female,1996-05-11,4966404240,andrewwhiteyahoo.com,2022-08-27,independent,Dr.,black,67.4880315,-112.160623,true,2021-11-25,1676,IA,digital,evc_funded,mail,office_5,2021-12-29,2021-12-29 02:00:00.000,November,2021
67f46a77-fbbf-4a77-b374-fbbf464f4a93,org_1,6900,Maria,Matthew,Clark,V,7493 Murray Roads Suite 437,6,West Alyssaport,MD,29014,11225 Drake Fork Apt. 118,4,Morganberg,ID,30554,county_2,male,1978-04-12,4277068623,abigail476gmail.com,2022-07-13,republican,Mr.,hispanic,9.503681,100.704913,false,2022-01-29,9558,OR,digital,aligned,paper,office_5,2022-07-26,2022-07-26 02:00:00.000,January,2022
4f221133-afef-4fd0-86b0-abcb23b5830a,org_5,9863,Tiffany,Dana,Jones,DVM,83018 Jackson Falls Suite 652,9,Lake Alexandramouth,WI,03110,223 Shawn Junctions Apt. 140,1,Ryanville,ID,92992,county_7,female,1964-02-29,3731281533,hannah549gmail.com,2022-02-21,independent,Dr.,other,-65.9167445,-165.540961,false,2022-06-05,2412,MA,remote,evc_funded,paper,office_4,2022-08-30,2022-08-30 02:00:00.000,June,2022
49d12610-6f12-41e3-b548-976768d0325f,org_2,5078,Donna,Samuel,Keller,II,5891 Shelley Square,6,Benjaminchester,NM,51154,77702 Jody Lock,5,Carlashire,SD,99149,county_8,other,1963-04-30,3310061687,lawrenceandersongmail.com,2022-04-11,republican,Dr.,hispanic,-39.9580905,121.165425,true,2022-09-02,2311,CT,field,evc_funded,paper,office_4,2022-08-06,2022-08-06 02:00:00.000,September,2022
0a2fe360-57c1-4506-9daa-487d320177a4,org_2,5506,Bobby,Jessica,Chang,V,0843 Andrea Street,3,Williamshaven,MO,40233,029 Christopher Burgs Suite 906,1,South Marvin,TX,62195,county_2,female,1969-12-12,9883207759,xwoodsyahoo.com,2022-07-03,independent,Miss,caucasian,41.8476915,-14.837143,true,2021-12-12,379,WY,digital,evc_funded,web,office_1,2022-03-05,2022-03-05 02:00:00.000,December,2021
93a26a79-34c3-4ac2-85ab-7d21c7d89891,org_2,5852,Dawn,Megan,Bray,V,9112 Adam Wells,4,Lake Anthony,MI,11793,7290 Richard Glen Suite 299,7,Christopherport,IL,10197,county_2,male,1976-09-19,5478029589,josephsloangmail.com,2022-09-22,republican,Mrs.,black,13.504783,-114.06668,false,2022-07-08,5740,MT,mail,aligned,web,office_8,2021-11-20,2021-11-20 02:00:00.000,July,2022
11819142-4812-4808-a52e-89124e2ca875,org_1,7812,Dominic,Madeline,Martinez,Jr.,607 Patricia Flats Apt. 277,0,Port Jessica,VT,96375,814 Jamie Vista,7,Port Patricia,NJ,96135,county_2,female,1973-07-27,3449009584,wgonzaleshotmail.com,2022-03-20,independent,Dr.,hispanic,-22.025689,-172.283942,true,2022-03-19,6629,AK,remote,aligned,tablet,office_8,2021-11-12,2021-11-12 02:00:00.000,March,2022
d14da447-8e4b-4800-a184-34c7b0e88040,org_4,5454,Eric,Leslie,Austin,DDS,2886 Williams Rue Suite 886,8,Donnaland,TN,18454,658 Brown Ridges Suite 741,8,Kevinside,VT,79707,county_2,other,1962-09-07,3537847556,alan874gmail.com,2022-07-16,independent,Ind.,unknown,74.698282,145.721443,false,2022-07-06,3368,DE,digital,evc_funded,mail,office_7,2022-01-07,2022-01-07 02:00:00.000,July,2022
dd5f2d88-ae0b-4c18-a164-8639977dfb8f,org_4,5302,Kayla,Paul,Welch,II,38440 Rhonda Burg Suite 466,3,Port Virginia,AZ,84942,723 Villarreal Plains Apt. 116,4,Nguyenside,ID,82473,county_7,female,1995-10-14,3071692991,robert795hotmail.com,2021-11-09,independent,Ms.,nativeAmerican,37.204444,115.742288,true,2021-12-28,9569,NC,digital,aligned,mail,office_6,2022-01-11,2022-01-11 02:00:00.000,December,2021
ccb764f9-33e9-474a-9ebd-ec68b806ea6b,org_3,6425,Robert,Robert,Butler,DVM,278 Jacqueline Union Apt. 590,1,Lake Brandy,NH,35391,19507 Fitzgerald Pine Apt. 347,2,Lake Peter,WV,33919,county_1,male,1910-06-05,7543962475,dickersonsteven9gmail.com,2022-05-17,democrat,Ms.,other,-13.7366935,122.752554,true,2022-10-20,14,SD,field,evc_funded,tablet,office_1,2021-11-14,2021-11-14 02:00:00.000,October,2022
822796c8-2ff9-4668-b95b-b03533fceb7b,org_1,5766,Ann,Christopher,Kennedy,DVM,4396 Eugene Key,3,Ryanchester,WA,25559,7426 Walker Valleys,1,Tuckerton,CT,32829,county_8,female,1995-10-02,2505084334,patriciaking3hotmail.com,2022-07-08,republican,Mrs.,nativeAmerican,-80.984379,-62.566972,true,2022-04-26,1334,MA,remote,evc_funded,web,office_7,2022-09-01,2022-09-01 02:00:00.000,April,2022
85c04e52-8989-42ef-a609-f13845b46ad2,org_1,8793,Paul,Shari,Pugh,PhD,569 Samantha Crest,4,Ingrambury,IA,52076,36851 Moran Roads Suite 064,4,Erinview,KY,74311,county_8,female,1990-01-04,5148581543,christophercortez3gmail.com,2022-01-05,democrat,Mx.,black,64.81832,20.754776,false,2021-12-04,7041,MA,field,evc_funded,mail,office_3,2022-09-29,2022-09-29 02:00:00.000,December,2021
8c227bec-b3c1-4333-bd34-e6a369a184eb,org_3,6984,Mary,Michelle,Moreno,PhD,7904 Brandon Square,9,Amandastad,AR,57874,56922 Alice Throughway Apt. 893,7,Erinside,MI,25658,county_1,female,2006-07-16,9729346539,roberta939hotmail.com,2022-05-05,independent,Ms.,other,40.8602015,161.276858,false,2022-03-16,9877,WA,mail,aligned,web,office_1,2022-04-28,2022-04-28 02:00:00.000,March,2022
5177d49d-6d23-4596-ae17-ef0bca1b8585,org_1,4335,Jamie,Richard,Macias,IV,72576 Garner Brook,3,West Danny,IL,21554,341 Pamela Rapid,9,East Marytown,VA,60553,county_1,other,1987-05-06,5599049398,lcollier9yahoo.com,2022-09-14,democrat,Mrs.,unknown,-46.3002485,161.974269,true,2022-02-01,7560,WA,mail,aligned,paper,office_7,2022-03-31,2022-03-31 02:00:00.000,February,2022
bbfbf12a-d1ab-4574-ae9e-3357375d606c,org_1,1229,Sarah,Evan,Kelly,DVM,2072 Small Corner Suite 824,3,Port Christopherbury,OK,65498,79556 Robinson Ferry Apt. 705,4,Davismouth,FL,20124,county_5,female,1967-12-16,6533384967,ybyrdgmail.com,2022-09-28,democrat,Miss,nativeAmerican,65.1621735,26.810541,false,2022-03-26,5295,IN,mail,aligned,web,office_6,2022-01-12,2022-01-12 02:00:00.000,March,2022
a6395c5f-ce22-410d-bbc5-071273ba2a65,org_4,3558,Christopher,Shaun,Sellers,MD,89015 Ortiz Glen Apt. 812,5,West Madison,LA,70157,995 Pacheco Road Apt. 885,5,Lake Christophermouth,OH,36854,county_2,other,1969-01-21,1209173715,swheeleryahoo.com,2022-02-23,democrat,Dr.,black,12.8151175,-76.844455,false,2022-02-25,9227,MT,field,aligned,mail,office_2,2021-11-15,2021-11-15 02:00:00.000,February,2022
485ce373-7c84-40b9-9fd7-f08cad9e6201,org_2,564,Karen,Andrew,Stephenson,V,75384 Vanessa Ports Suite 566,6,Ryanbury,CA,37759,7677 Patricia Vista,5,Lake Michael,WY,18497,county_7,other,1955-03-16,1248220213,kingvanessayahoo.com,2022-03-07,democrat,Dr.,asian,22.286878,4.247883,true,2022-04-18,1884,WA,remote,evc_funded,tablet,office_8,2022-10-01,2022-10-01 02:00:00.000,April,2022
92b5870a-e8fc-4d46-b843-09b62589f00b,org_3,6410,Tommy,Daniel,Brooks,II,7007 Michelle Fall Suite 786,0,Lake Brian,RI,93238,049 Nelson Gardens Suite 133,8,East Calebhaven,WY,76362,county_5,female,1980-05-16,49183643,travissimmons2gmail.com,2022-02-08,republican,Dr.,asian,-10.676183,-100.763665,true,2022-01-07,513,DE,remote,aligned,mail,office_3,2022-06-20,2022-06-20 02:00:00.000,January,2022
310354f7-0208-44e4-b86f-11b5bc97d98f,org_5,9792,Megan,Jason,Bush,V,35554 Makayla Light,1,West Cory,MD,52377,4155 Melissa Track Apt. 598,7,Gilbertfurt,CO,77732,county_7,female,1998-02-03,4037893255,brenda52gmail.com,2022-03-19,independent,Ms.,other,-86.867362,42.622747,false,2022-08-03,1098,WY,mail,aligned,mail,office_5,2022-08-11,2022-08-11 02:00:00.000,August,2022
574254f8-8dde-4a63-9a01-7e5f9f760fd9,org_3,7746,Robert,Stanley,Jones,DDS,808 Sara Extension,2,Jamesland,AK,13725,70828 Bowers Mill,8,South Samanthaborough,NV,75341,county_8,female,1956-05-14,376108379,dicksonangela5hotmail.com,2022-03-01,independent,Dr.,hispanic,-80.3965545,-84.663016,true,2022-09-06,7079,ID,field,aligned,mail,office_5,2021-11-17,2021-11-17 02:00:00.000,September,2022
2aeccd5d-8925-4597-a0ea-80e7b40627f7,org_2,1932,Ryan,Andrew,Kim,IV,47582 Moore Haven Apt. 346,0,Garcialand,IA,07758,7431 Justin Place Suite 467,7,North Jennifer,WA,23126,county_7,male,2000-07-20,3869977031,louiskelly8gmail.com,2022-05-07,republican,Dr.,caucasian,79.254517,-7.834853,true,2022-05-09,68,TX,mail,evc_funded,web,office_4,2021-11-26,2021-11-26 02:00:00.000,May,2022
c95eb707-05ba-4856-a4e3-f881a0ab655e,org_3,6570,Jessica,Nicole,Armstrong,PhD,0162 Kimberly Cove,4,Feliciaton,OK,87573,0787 Gina Crossroad,0,Thompsonmouth,DC,63569,county_6,other,1942-01-16,4192585615,adam13gmail.com,2021-12-17,republican,Mx.,other,-18.246452,-133.3397,true,2021-12-12,2550,FL,remote,evc_funded,web,office_1,2022-06-30,2022-06-30 02:00:00.000,December,2021
ce2f29b9-807c-417a-831b-d2319562822f,org_5,6665,Matthew,Amanda,Bullock,MD,6679 Tyler Mountain Suite 617,8,East Brendahaven,PR,66653,028 Brown Shores Apt. 746,7,Michelleland,ME,17562,county_7,male,1971-03-18,9036644048,iallenhotmail.com,2022-06-21,republican,Miss,unknown,53.276415,-1.981864,true,2022-05-22,5602,WA,field,aligned,web,office_7,2022-06-21,2022-06-21 02:00:00.000,May,2022
12235e12-774f-4e99-9176-b64b46dad672,org_1,2502,John,Charles,Taylor,PhD,9051 Donald Rest,8,Palmerfurt,NH,72114,534 Smith Bypass Suite 180,1,East Pattystad,MT,18343,county_3,other,1934-05-17,288578528,maria25hotmail.com,2022-06-17,independent,Dr.,hispanic,-70.9378825,-51.623032,false,2022-02-16,5318,MO,digital,evc_funded,tablet,office_8,2022-03-25,2022-03-25 02:00:00.000,February,2022
7a50355e-907b-4955-9397-b51c79a05aec,org_4,4584,Cheryl,Amy,Davies,MD,241 Morris Viaduct,3,Bautistaview,NH,28512,0921 Wiggins Village Apt. 657,1,West Nicole,NM,67563,county_2,female,1941-08-20,9910007679,parkermatthew8yahoo.com,2022-08-04,independent,Ms.,nativeAmerican,82.1165125,-127.239471,true,2022-08-22,7909,TX,remote,aligned,mail,office_6,2022-05-06,2022-05-06 02:00:00.000,August,2022
41573e18-486b-4b17-bf90-2896f86855ff,org_4,1189,Tina,Paul,Lee,II,63811 Duncan Trail Suite 013,1,Lake Emilyfort,AK,62124,1494 Spencer Ranch,5,Port Jacqueline,MD,48144,county_2,other,1932-11-04,6067063975,shannonelizabethgmail.com,2021-11-18,democrat,Ind.,hispanic,-62.701406,-10.887266,false,2022-11-05,5788,GA,digital,aligned,paper,office_1,2022-01-21,2022-01-21 02:00:00.000,November,2022
976a2e09-0314-4bc8-b683-c523d0d88bb6,org_4,756,Wendy,Jacqueline,Valdez,Jr.,4194 Jason Freeway Suite 103,8,Walkerfort,LA,02694,2028 Yu Corners Apt. 275,4,Port Keithport,CA,03712,county_7,female,1983-07-29,7815113947,megan177hotmail.com,2022-01-04,republican,Mr.,other,-83.6755095,-89.81269,false,2022-09-27,9871,AK,remote,aligned,mail,office_6,2021-12-26,2021-12-26 02:00:00.000,September,2022
8851cc02-60ea-4763-9004-e2b9f9c5bb18,org_3,2041,Rebecca,Donald,Cook,II,4336 Kevin Lane,1,East Natasha,KY,93402,2051 Bailey Flats Suite 973,4,South Kristine,MD,08547,county_8,male,2001-01-08,7576416010,millermichael1gmail.com,2022-09-24,democrat,Miss,black,-62.929021,31.224874,false,2022-08-24,7952,AK,field,evc_funded,web,office_1,2022-02-08,2022-02-08 02:00:00.000,August,2022
143a1be3-5c65-48f6-abc0-6a09a89db2b6,org_2,1907,Mario,Matthew,Vance,DVM,2508 Garza Plain,7,Lake Victoriaberg,OR,42884,280 Estrada Summit,6,Jameshaven,TN,63185,county_4,male,1915-08-05,8727453557,lwaltersgmail.com,2022-02-28,democrat,Dr.,unknown,20.270195,66.13624,false,2021-11-16,2791,VT,field,evc_funded,tablet,office_8,2022-03-05,2022-03-05 02:00:00.000,November,2021
5bd6d3a5-e74e-410c-9005-baba2ce98d9f,org_2,8501,Kevin,Joseph,Flores,IV,8576 Kelly Fields,1,South Jessefort,SD,08922,18155 Jessica Key Suite 543,2,East Lauraville,ND,55027,county_8,other,1956-08-08,9110427067,woodadam4yahoo.com,2022-04-02,democrat,Mx.,other,-56.415598,-7.550815,true,2022-06-24,6963,TN,remote,aligned,paper,office_8,2022-06-22,2022-06-22 02:00:00.000,June,2022
7a87e566-6eee-4cc0-a592-27e8e5e5c8b5,org_4,7228,Tanya,Jo,Little,III,2222 Torres Turnpike,3,North Kristopherview,NJ,02341,049 Frazier Plains Apt. 489,2,Carterchester,CT,96823,county_7,other,1984-05-10,5188818641,swansonrachel6yahoo.com,2022-05-17,independent,Ind.,nativeAmerican,75.153296,-176.840871,true,2022-09-12,8175,IA,digital,aligned,paper,office_7,2022-06-30,2022-06-30 02:00:00.000,September,2022
e8e6cf17-60d8-42e3-9e13-b43ac1d86075,org_3,5729,Frances,Christine,Crawford,PhD,402 Olson Place,5,Lake Chad,KS,00976,3723 Johnson Villages,4,Kellystad,NE,13922,county_7,other,1932-07-06,5312123563,jenniferhicks9yahoo.com,2022-04-09,republican,Ind.,caucasian,-45.9821675,-109.87986,false,2021-12-20,4618,MI,remote,evc_funded,web,office_4,2022-05-18,2022-05-18 02:00:00.000,December,2021
e9ac80a5-8498-4cc5-9f77-8ca75e045629,org_1,8631,Denise,Jason,Carter,DVM,132 Davis Unions Suite 888,9,East Carlland,NJ,49429,52378 Tiffany Squares,9,Reidport,ND,41619,county_3,male,1914-11-03,1049404077,snewman7yahoo.com,2022-04-05,independent,Ind.,unknown,77.481419,-72.261759,false,2022-03-20,748,WA,remote,evc_funded,mail,office_7,2022-06-16,2022-06-16 02:00:00.000,March,2022
43c40899-fbf0-4b57-a02f-f296f4d51bee,org_5,2904,Jeffrey,Julie,Thomas,DDS,72953 Madeline Trace,4,New Emily,ID,71476,6667 Victoria Trail,1,Lake Dawnville,DE,54825,county_7,female,1960-09-27,5745133910,derekpricehotmail.com,2021-12-01,democrat,Mx.,unknown,73.805055,-110.875889,false,2022-09-27,3736,UT,field,evc_funded,paper,office_5,2022-04-11,2022-04-11 02:00:00.000,September,2022
4841007a-2cd3-4bd5-8276-36d27aa46467,org_4,5016,Patricia,Joshua,Ortiz,V,8356 Vaughan Road,9,New Tracyton,NY,85249,0396 Castillo Hills,0,Dunnland,KS,75642,county_2,male,1936-08-31,6606112566,bakerjanice6gmail.com,2022-10-31,independent,Miss,hispanic,-20.728064,174.611309,false,2021-11-06,5383,PA,mail,aligned,paper,office_5,2022-07-05,2022-07-05 02:00:00.000,November,2021
861f4dab-591c-4e5d-9ef4-8dfc63a63f40,org_1,9408,Justin,Julie,Stuart,MD,431 Cook Forge Apt. 400,0,South Michael,DC,20727,86869 Tracy Port,2,Daughertyborough,WY,53501,county_1,other,1993-02-11,604556627,brucemckinneygmail.com,2021-11-06,independent,Dr.,nativeAmerican,-19.396226,50.314896,false,2021-11-13,7321,FL,remote,evc_funded,web,office_5,2021-11-24,2021-11-24 02:00:00.000,November,2021
8ebb4d13-e98b-4a60-99ca-366e9440ad1d,org_5,4012,Daniel,Heather,Landry,DVM,19094 Fields Ridges,6,East Jasonmouth,AL,55954,5938 Thompson Mountain Apt. 313,7,Kevinmouth,MT,31676,county_1,female,1933-04-29,9341978645,david75yahoo.com,2021-12-01,republican,Misc.,other,-12.6286345,95.199005,true,2022-09-14,6817,NJ,remote,aligned,mail,office_1,2021-12-18,2021-12-18 02:00:00.000,September,2022
7f2b2707-81e2-4776-95b0-0a5480f12aea,org_1,4145,Antonio,Regina,Hopkins,V,33377 Howard Squares Apt. 398,1,West Sarah,TX,31269,4926 Jones Court,7,Annaborough,HI,59754,county_6,male,2001-06-16,9279898747,bfletcher1hotmail.com,2022-08-31,republican,Mr.,nativeAmerican,-10.772944,170.823011,true,2022-08-22,5451,PA,digital,evc_funded,paper,office_4,2022-08-26,2022-08-26 02:00:00.000,August,2022
4535a722-9d0b-4e2d-a0ad-c2255255dae4,org_2,7457,Laura,Lisa,Rose,IV,389 Thomas Mill,5,Cameronport,FL,15830,784 Gonzalez Ports Suite 987,3,Davisland,MI,46244,county_4,other,1941-04-08,5014244336,littleianyahoo.com,2021-11-25,democrat,Miss,unknown,-37.762192,-72.536535,true,2022-03-04,3952,MI,field,evc_funded,mail,office_4,2022-10-25,2022-10-25 02:00:00.000,March,2022
0852edd2-d823-45b9-8aad-042c0c720198,org_1,5317,Samuel,Michael,Bradley,V,5191 Walsh Green Suite 228,6,Stewartside,LA,93289,1860 Jackson Villages,6,Peterston,SC,93251,county_8,male,1943-08-17,682618301,gordonmichellehotmail.com,2022-03-04,republican,Dr.,caucasian,-49.0668905,52.358511,false,2021-12-05,2394,VT,mail,evc_funded,web,office_4,2021-12-22,2021-12-22 02:00:00.000,December,2021
a9bf69a1-34b2-4e0d-8d73-9251bc9a91fb,org_1,1673,Nancy,Jo,Barber,MD,15923 Price Mission Apt. 244,5,Joseport,NE,81136,554 Laura Stravenue Apt. 511,7,North Kendrafurt,MN,59373,county_8,other,1940-03-12,1244404321,savila6yahoo.com,2022-10-28,independent,Miss,unknown,-72.928845,167.831063,true,2022-10-24,1683,NE,remote,aligned,web,office_5,2021-12-02,2021-12-02 02:00:00.000,October,2022
d9078f34-58f3-40b0-bb5b-b0ed242248d1,org_1,6477,Melissa,Bradley,Browning,III,616 Rivas Lane Apt. 543,2,Mendezhaven,SC,33894,34046 Perez Oval Apt. 571,6,West Brianville,UT,70806,county_5,female,1973-02-26,6901777064,yrobinson4yahoo.com,2022-07-27,republican,Dr.,asian,-79.8739,-146.002347,false,2022-06-29,2202,LA,remote,evc_funded,mail,office_2,2021-11-30,2021-11-30 02:00:00.000,June,2022
82cf5924-49c1-4a33-934e-5da0e5b56769,org_2,5421,Charles,Jennifer,Alvarez,PhD,133 Zimmerman Estate,3,West Adamstad,MT,83006,62403 Mckinney River,7,East Roberta,SC,40536,county_7,male,1983-11-02,994522280,tina828yahoo.com,2022-01-28,republican,Mrs.,unknown,-37.4625095,-163.479631,true,2022-01-13,4660,CT,remote,aligned,mail,office_8,2022-10-29,2022-10-29 02:00:00.000,January,2022
cc84fbe0-c22e-4075-a41b-752b60cee4bb,org_2,4725,Kelsey,Jessica,Evans,Jr.,5100 Maureen Hill,0,Murphyshire,CA,67169,06152 Samuel Spurs,4,Gateston,WI,18671,county_7,other,1994-08-27,1705032515,zrobertsgmail.com,2022-09-25,independent,Dr.,asian,-33.204239,-29.536462,true,2022-09-11,7561,SC,remote,evc_funded,paper,office_6,2022-06-29,2022-06-29 02:00:00.000,September,2022
060f0e7b-f7d6-47d0-afa9-1ec3a976210d,org_3,1788,Angela,Gregory,Anderson,V,51373 Coffey Prairie,4,Jamesport,WI,52879,3168 Dominique Shoals Apt. 659,9,New Craig,OH,85690,county_6,female,1926-12-05,9201534735,wardmichael4yahoo.com,2021-11-15,democrat,Mrs.,hispanic,52.8827905,-54.883837,true,2022-09-04,3279,OH,mail,aligned,web,office_1,2021-12-27,2021-12-27 02:00:00.000,September,2022
658a8079-1b65-4752-96d1-6abc15095122,org_2,6423,Arthur,Cynthia,Price,DDS,510 Samuel Branch Suite 739,8,Lisafurt,HI,12682,01667 Berger Turnpike,1,South Brent,OH,98786,county_7,female,1992-11-07,50566543,brightcoreyhotmail.com,2022-06-18,democrat,Miss,hispanic,22.638807,-16.032605,true,2022-01-08,6227,ND,remote,evc_funded,web,office_2,2022-06-23,2022-06-23 02:00:00.000,January,2022
217b2cc5-f5d3-4ecb-bcc6-ea3801fcbfc1,org_2,5101,Michael,Sabrina,Mills,DVM,07529 Morgan Haven,8,New Mary,LA,66308,8813 Jordan Dale,9,Port Kathleen,AZ,11530,county_1,female,1961-04-14,4243400618,allengwendolynyahoo.com,2022-03-21,republican,Dr.,asian,-80.0692685,-26.973706,false,2022-01-14,9417,OK,field,aligned,web,office_1,2022-07-25,2022-07-25 02:00:00.000,January,2022
9302b25c-a293-4a14-9234-9e46fd87baa0,org_3,884,Tyler,Kimberly,Wheeler,DVM,3928 Jones Flats Suite 887,3,Jennifermouth,ND,91753,02097 Brown Turnpike,8,New Christinestad,NY,83356,county_2,female,1907-06-15,734801429,jacob72gmail.com,2022-01-12,republican,Dr.,caucasian,-38.9222925,176.127921,false,2022-04-22,1083,ID,digital,aligned,web,office_3,2022-09-04,2022-09-04 02:00:00.000,April,2022
a073a402-0aab-499e-8f69-2821dcda976e,org_1,730,Mary,Anthony,Patel,Jr.,115 Samuel Plains Suite 734,5,Murrayburgh,MD,87263,719 Teresa Causeway Suite 816,0,East Paulton,HI,04131,county_4,male,1932-06-03,7667740702,kim28gmail.com,2022-08-26,republican,Miss,unknown,6.0199375,-132.138879,false,2022-05-15,7092,NH,digital,aligned,web,office_2,2022-05-01,2022-05-01 02:00:00.000,May,2022
fce77774-7324-4411-966a-d94cbdeb9699,org_4,5133,Kimberly,Mark,Johnston,MD,9354 Gutierrez Plaza,9,North Javier,KS,55626,0871 Anderson Junction Apt. 261,9,Port Robert,OH,00583,county_5,other,1950-10-03,5761594845,qmeyer3gmail.com,2022-05-02,democrat,Misc.,black,69.9973375,-51.393369,false,2021-12-16,1742,OH,digital,aligned,paper,office_4,2022-06-18,2022-06-18 02:00:00.000,December,2021
28122c88-21a8-4dc7-8d8a-730d4114a89b,org_2,4238,Joseph,Erica,Ortiz,IV,625 Bauer Keys,0,Smithshire,IN,27331,0497 Andrew Isle Suite 842,5,Lake Danielle,NY,59852,county_1,other,1935-06-22,9938184361,hbenjaminhotmail.com,2022-06-03,independent,Mx.,caucasian,32.378832,31.186823,false,2022-10-15,4989,WI,remote,aligned,tablet,office_4,2022-01-17,2022-01-17 02:00:00.000,October,2022
491605f1-ee87-4c41-bc49-f45b6cc3ea9f,org_3,784,Stephen,Mark,Calderon,DDS,33601 Hannah Mission,4,New Danielmouth,WY,70631,01467 Escobar Track,7,Suarezborough,MS,01543,county_3,male,1988-10-13,165281867,vcarrollhotmail.com,2021-11-06,independent,Misc.,unknown,12.4545365,-69.489139,false,2022-04-09,2649,IN,digital,evc_funded,tablet,office_8,2022-01-15,2022-01-15 02:00:00.000,April,2022
e77619fd-e8e7-49b6-8337-c1395d9a6393,org_4,6906,Steven,Krystal,Harrell,III,3239 Kenneth Radial,6,Murraymouth,WI,72750,0611 Carroll Skyway,6,West Morgan,VI,86745,county_1,other,1949-10-18,3974418023,marycastanedayahoo.com,2022-03-30,democrat,Dr.,caucasian,-11.473075,140.320456,true,2022-10-27,4778,NM,digital,evc_funded,web,office_4,2022-05-12,2022-05-12 02:00:00.000,October,2022
1690790f-d4fa-4704-b6e7-5d22e25bf640,org_3,7366,Maria,Ian,Suarez,PhD,6408 Green Pine Suite 612,4,East Williamchester,NJ,75020,94402 Conway Walks,8,West Christopherstad,FL,74955,county_1,female,1909-04-03,1050513542,mezadiamond3hotmail.com,2021-11-10,republican,Dr.,other,-81.3337925,34.490732,true,2022-01-22,8087,WI,mail,evc_funded,tablet,office_8,2022-09-07,2022-09-07 02:00:00.000,January,2022
31dfb3bf-76eb-472a-8d12-196ea5498d5d,org_1,3226,David,Dawn,Oconnor,III,66983 Marilyn Overpass Suite 371,4,Lindsayview,GA,27156,05648 Adam Corners Suite 316,7,East Petershire,NM,86143,county_3,other,1990-11-24,8884447146,ronaldoconnorgmail.com,2022-05-05,democrat,Mx.,nativeAmerican,44.383947,-158.378331,false,2022-02-21,5875,NH,field,evc_funded,paper,office_7,2022-10-14,2022-10-14 02:00:00.000,February,2022
1d8b643c-e061-4d3c-acce-3ca9fda74b63,org_3,6640,Marc,Brett,Perry,DVM,491 Adam Ways Apt. 531,8,Williamsbury,KY,65062,39838 Jackson Landing Apt. 110,6,West Vickie,NM,89669,county_5,female,1913-09-07,4797662570,riveraelizabeth9hotmail.com,2022-07-06,republican,Mr.,black,-56.441589,117.959483,true,2022-07-22,2549,WY,mail,evc_funded,tablet,office_3,2022-09-13,2022-09-13 02:00:00.000,July,2022
2dd72977-f1ce-426e-aba5-1eeb11fa676e,org_2,1161,Mary,Brian,Evans,II,29105 Taylor Union,9,South Juan,CA,69490,0381 Holly Island,9,Brentstad,AL,87061,county_3,male,1995-06-23,3165742149,smcdonald1yahoo.com,2022-09-15,republican,Dr.,other,86.073082,-63.845836,false,2022-02-21,7947,NJ,field,evc_funded,mail,office_1,2022-01-21,2022-01-21 02:00:00.000,February,2022
de13b1fc-6c9c-471c-938a-7ae31e07b6f1,org_3,9140,Matthew,Danielle,Phillips,PhD,515 Ronald Center,9,West Alexandertown,MT,33888,129 Jason Tunnel,9,North Miguel,ME,10281,county_5,other,1956-02-21,2816291677,stanleyheathergmail.com,2022-03-05,independent,Mrs.,other,-34.948295,2.255838,false,2022-06-14,7707,MS,remote,aligned,paper,office_3,2022-07-11,2022-07-11 02:00:00.000,June,2022
85d32e25-2e19-40ea-bf8e-5e803013fb15,org_3,6575,Anthony,Beth,Li,IV,38761 Molina Walk,5,Valenciaborough,AZ,41822,9887 Emily Alley,1,Mcphersonborough,NY,27865,county_3,male,1999-09-17,6919674431,msmith6yahoo.com,2022-09-19,republican,Mrs.,hispanic,-74.7936625,142.470031,false,2022-04-02,7598,NY,remote,evc_funded,web,office_8,2022-07-18,2022-07-18 02:00:00.000,April,2022
179dd313-960a-40f0-b77d-07302faa6a85,org_3,2928,Richard,Nancy,Butler,DDS,3401 Osborn Shoals Suite 428,9,South Sharon,KY,11084,6662 Roger Point Apt. 066,5,Littleton,AZ,66450,county_8,other,2005-02-21,7494771425,lance21gmail.com,2021-11-09,democrat,Ind.,unknown,58.551633,9.361013,false,2022-10-22,6471,WV,remote,aligned,paper,office_8,2022-06-16,2022-06-16 02:00:00.000,October,2022
b63448c4-914d-425b-ac7e-37f07e06106e,org_5,7295,Brian,Henry,Williamson,MD,758 Tiffany Union Suite 903,2,Port Jeffreyfort,VI,45208,6005 Diana Key Suite 568,0,Reedhaven,VA,14411,county_2,male,1964-06-01,5431548373,jimmycollier6hotmail.com,2022-05-18,independent,Misc.,other,44.1701595,-160.687303,true,2021-12-13,6293,ID,remote,aligned,tablet,office_3,2021-11-06,2021-11-06 02:00:00.000,December,2021
a15f203b-761f-456e-a6bf-24458c34a193,org_5,2579,Edward,Teresa,Vang,DDS,4777 Teresa Squares Apt. 366,3,Zacharyfort,IA,72958,31579 Stacy Freeway Apt. 467,5,Deckermouth,NE,03529,county_5,other,2007-03-12,1357515304,jasminepham1hotmail.com,2022-05-18,democrat,Ms.,hispanic,-55.552539,39.87642,true,2022-02-10,6200,MT,remote,evc_funded,web,office_6,2021-11-15,2021-11-15 02:00:00.000,February,2022
c1669202-7f51-44d8-aa16-ad3a702fdeb5,org_1,4290,Robert,Betty,Garcia,MD,005 Isabella Cliff Suite 409,4,West James,WV,96739,866 Natalie Prairie,4,Mcdanielborough,MS,13582,county_8,male,1976-05-09,2581051450,wesley74yahoo.com,2022-03-13,independent,Mr.,other,67.576362,71.00096,true,2022-03-26,1885,RI,field,aligned,web,office_7,2022-10-04,2022-10-04 02:00:00.000,March,2022
c0ec6e91-4f5d-4e7e-ae06-e46929704de9,org_5,2299,Todd,Christine,Robinson,V,92211 Jeremy Dam,3,Hartmanburgh,MI,87855,2478 Stephanie Estate,9,Johnberg,AL,17238,county_5,female,1933-12-30,4128194154,xnorman3gmail.com,2022-08-14,democrat,Mr.,nativeAmerican,55.5019865,-172.739621,true,2022-06-21,6029,AR,field,aligned,paper,office_5,2022-11-02,2022-11-02 02:00:00.000,June,2022
c96f70b0-1072-4850-9e79-e60890971253,org_3,8417,Miguel,Stephanie,Mack,PhD,2132 Moore Road,5,Smithberg,MD,02818,596 Guzman Bridge,5,Mariaberg,WA,70108,county_8,male,1922-07-13,8442631574,jamesramirezhotmail.com,2022-02-22,republican,Dr.,unknown,79.5286925,-71.478696,true,2022-05-19,6403,DC,field,aligned,mail,office_1,2022-04-22,2022-04-22 02:00:00.000,May,2022
520492c8-e737-454e-bda3-443dc54e75f7,org_4,987,Christopher,Caitlin,Johnson,DVM,28121 Brandon Land,2,Barnetthaven,WV,20234,1638 Elizabeth Port Suite 458,7,South Briantown,MN,27633,county_6,other,1915-03-23,5005246755,jennifer999yahoo.com,2022-06-30,independent,Misc.,asian,39.6525395,-54.387909,false,2022-05-17,3365,NY,remote,evc_funded,paper,office_2,2022-07-28,2022-07-28 02:00:00.000,May,2022
8ab6cad5-cc64-4df2-ab4b-aac26e096da4,org_5,5507,John,Heather,Daniel,DVM,299 Mcdonald Roads Suite 785,8,Port Aaronmouth,UT,83052,643 Hudson Corners Apt. 785,0,Ramoschester,UT,49065,county_5,female,1949-05-09,2360478748,sheamicheleyahoo.com,2022-10-04,republican,Mx.,unknown,64.8518315,162.930113,true,2022-10-08,261,PR,digital,evc_funded,tablet,office_6,2021-11-24,2021-11-24 02:00:00.000,October,2022
289125c2-b62b-451e-8466-11bdb8236f25,org_1,8333,Desiree,Richard,Eaton,PhD,4481 Laura Ranch Apt. 492,1,Lovebury,MN,66507,6949 Rachel Lakes,6,Ricardoville,NM,01051,county_3,female,1915-03-19,1133175329,michaeljordangmail.com,2022-02-19,independent,Mrs.,caucasian,19.6555685,-61.652886,false,2022-02-13,727,TN,field,aligned,tablet,office_1,2022-06-02,2022-06-02 02:00:00.000,February,2022
a35ec84d-458f-43cb-aa73-8f2a0844a5bf,org_4,9435,Bridget,William,Wilson,IV,8986 Daniel Common,0,Hawkinsville,WA,46602,371 Gonzales Ridges,3,East Seanhaven,HI,90810,county_7,female,1912-10-11,7716134374,joseph388yahoo.com,2022-10-27,democrat,Miss,other,26.1760045,123.802626,false,2022-04-05,7211,WA,digital,aligned,tablet,office_5,2022-08-23,2022-08-23 02:00:00.000,April,2022
6ae6969f-dd43-4f6a-8b9d-a5e6a1bdcef6,org_2,4134,Jeremy,Cynthia,Coleman,MD,904 Delacruz Locks Apt. 795,2,Gregoryfurt,WV,15288,8801 John Gateway,2,Reidmouth,FL,74381,county_7,other,1916-08-05,3094642569,dlawsonyahoo.com,2022-06-04,independent,Ms.,nativeAmerican,50.846555,-19.777685,true,2022-02-26,4658,DE,remote,aligned,paper,office_3,2022-06-15,2022-06-15 02:00:00.000,February,2022
41166152-963e-466d-8c47-165ca2d6e3e3,org_4,3574,Sarah,Larry,Morrison,DVM,827 Morgan Road,5,Markchester,KY,57225,13916 Freeman Flat,7,West Michaelview,IL,84435,county_1,male,1965-09-25,4724130257,sarahvasquezgmail.com,2022-02-15,democrat,Ind.,unknown,-55.289605,108.139624,true,2022-09-05,1213,MS,field,aligned,mail,office_8,2021-11-26,2021-11-26 02:00:00.000,September,2022
a19b2991-8f90-477e-83ff-ce0663349538,org_1,9836,Chelsey,Michael,Ford,DDS,634 Joseph Track,9,New Kenneth,OK,04594,03920 Walker Mountain,3,Blakefort,MN,69944,county_1,other,1964-11-02,815128779,rhonda50yahoo.com,2022-11-04,democrat,Mx.,black,-55.27249,-135.212707,false,2022-09-25,362,OK,digital,evc_funded,paper,office_3,2022-06-16,2022-06-16 02:00:00.000,September,2022
fb233e88-cdd7-413f-b555-82719eef9c81,org_2,4846,Angela,Brian,Hayden,II,4293 Cooper Prairie,6,East Angel,MA,53092,6756 Madison Ports Apt. 767,6,New Jessica,OH,58742,county_1,other,1964-02-06,6718538294,briggsjames3gmail.com,2022-09-01,democrat,Ms.,hispanic,29.81213,-58.013491,false,2022-10-22,3320,KY,mail,evc_funded,tablet,office_4,2022-11-01,2022-11-01 02:00:00.000,October,2022
e9619a5a-6168-4d61-bf74-b34e3443bacd,org_4,7621,Lisa,Cynthia,Vega,II,058 Joseph Square,2,Stevenhaven,MA,82840,2545 Cummings Crest Apt. 930,8,East Ricardoborough,NC,56053,county_5,male,1973-03-10,9052362282,aphillips4hotmail.com,2022-08-01,republican,Dr.,nativeAmerican,14.2946745,110.942901,false,2022-05-21,9081,NV,remote,aligned,paper,office_5,2022-06-01,2022-06-01 02:00:00.000,May,2022
0fae0fa0-338c-4d82-8af7-27764ea8b85e,org_2,1838,Brandon,Tiffany,Underwood,Jr.,46417 David Stravenue Apt. 812,4,Port Nicholas,NH,43845,572 Stacey Islands Apt. 025,0,Port Lanceton,VT,64523,county_7,female,1922-07-09,740895022,simshayley9yahoo.com,2022-01-16,democrat,Mr.,nativeAmerican,-31.171315,-121.582871,true,2022-10-20,6160,MN,digital,aligned,tablet,office_2,2022-07-07,2022-07-07 02:00:00.000,October,2022
28b362f1-edd0-497e-a6ff-28c5913b6550,org_2,2434,Barbara,Elizabeth,Fleming,II,5655 Moreno Manor,6,Brookebury,CO,68431,82120 Amy Glen,3,North Samuelborough,VT,46495,county_6,female,1911-08-21,885909881,welchtammygmail.com,2022-08-15,republican,Dr.,hispanic,58.837962,125.367126,false,2022-11-01,2854,NY,field,aligned,tablet,office_8,2022-01-05,2022-01-05 02:00:00.000,November,2022
e7a5e609-89a2-40ac-8aae-91c38f5553af,org_1,3760,Alexander,Meredith,Robertson,MD,4692 Carol Shores Apt. 001,4,Miaberg,VT,55401,3344 Richardson Port,3,Zacharyview,DE,35933,county_6,male,2006-07-16,5592562121,patriciamorris2gmail.com,2022-04-13,democrat,Miss,caucasian,-10.750076,-156.933197,true,2022-02-12,4751,MO,digital,evc_funded,tablet,office_8,2022-06-05,2022-06-05 02:00:00.000,February,2022
a08bb559-26c1-4bd7-915b-ebc7d5541b40,org_2,2798,Dominique,Anthony,Arnold,DDS,69020 Park Mountains,8,Lake Kelseybury,PA,41465,312 Kathryn Course,7,Sydneyburgh,TX,36852,county_3,other,1943-12-02,6607414036,alison743gmail.com,2022-10-30,independent,,caucasian,,,false,2022-10-30,7334,CA,field,evc_funded,Tablet,office_8,2022-03-29,2022-03-29 02:00:00.000,"October  ",2ear
57f2ed23-48b2-4dcd-ab7b-fa00844aec21,org_2,1004,William,Calvin,King,MD,33377 Howard Squares Apt. 398,1,West Sarah,CO,36105,268 Jones Court Suite 587,3,South Susan,NH,91615,county_4,male,1972-10-08,9279898747,amandasuarezgmail.com,2022-09-11,republican,,unknown,,,false,2022-09-11,5451,NC,field,evc_funded,API,office_8,2022-10-06,2022-10-06 02:00:00.000,September,2ear
d95bafc8-f2a4-427b-9cf4-bb99f4bea973,org_5,8386,Steven,Lucas,James,IV,233 Gregory Extensions,2,Yolandaside,NV,54852,557 Stephanie Locks Suite 837,4,Masonstad,NH,46477,county_3,female,1960-05-29,7735294744,amy78yahoo.com,2022-04-12,independent,,unknown,,,false,2022-04-12,6006,DC,field,evc_funded,Web,office_2,2022-02-09,2022-02-09 02:00:00.000,"April    ",2ear
91054c72-cb3c-470d-a46d-f2ef8f8cf839,org_3,3473,Margaret,Adam,Cole,II,60045 Johnson Meadows,1,Boydborough,UT,68083,531 Margaret Curve,3,Richardborough,UT,00807,county_5,other,1915-04-28,6792214533,angelaolson4hotmail.com,2022-07-04,independent,,asian,,,false,2022-07-04,4783,OR,field,evc_funded,Web,office_5,2021-12-31,2021-12-31 02:00:00.000,"July     ",2ear
e3f62db4-aecd-4cbc-ab48-dd65a4339217,org_4,1469,Heather,Lori,Hammond,Jr.,18526 Carol Throughway,4,Morrisshire,TN,69107,62231 Clark Fork Apt. 401,4,Davisville,UT,50396,county_1,female,2000-05-20,3731281533,bethany39gmail.com,2022-07-11,democrat,,black,,,false,2022-07-11,441,NY,field,evc_funded,API,office_3,2021-12-30,2021-12-30 02:00:00.000,"July     ",2ear
57e28eff-8fc4-4fb3-92eb-25bd1dce311b,org_3,8622,Matthew,Alexandria,Mcgee,Jr.,87341 West Squares Suite 628,7,South Patricia,TN,28959,7623 Kenneth Creek Suite 770,2,North Alexanderport,WY,47522,county_6,male,1912-10-20,1078576147,brendataylorhotmail.com,2022-07-23,democrat,,caucasian,,,false,2022-07-23,1468,ND,field,evc_funded,Tablet,office_6,2022-05-16,2022-05-16 02:00:00.000,"July     ",2ear
8d9a6507-4f6b-4f2a-b22d-4735be3cf097,org_2,3941,Pamela,Jennifer,Fry,MD,39351 Elizabeth Fords,6,Port Tarachester,SC,73934,81026 Robert Track Apt. 498,1,New Maryburgh,SD,81914,county_8,other,1946-12-27,8528337671,bryce21gmail.com,2021-12-21,independent,,unknown,,,false,2021-12-21,5534,DE,field,evc_funded,API,office_7,2021-11-06,2021-11-06 02:00:00.000,"December ",1ear
e094b53a-cd33-4aa6-be14-92482461e6b6,org_1,7724,Amber,Samantha,Weeks,DDS,5268 Rollins Crossing Apt. 550,0,West Kimberly,SD,27726,46123 Bartlett Harbors Suite 205,1,New Jonborough,TN,87043,county_4,male,1992-03-22,5097787576,bwalton1gmail.com,2022-08-04,independent,,other,,,false,2022-08-04,441,CO,field,evc_funded,API,office_2,2022-09-13,2022-09-13 02:00:00.000,"August   ",2ear
24b465de-f189-4e9e-b1a3-621c43e98b94,org_4,5986,Travis,Dawn,Davis,V,2543 Jodi Shore Suite 978,4,Danielview,KS,85604,3879 Nicole Mill Apt. 699,0,Brianville,AZ,64359,county_1,female,1952-04-10,6869017770,carlos751gmail.com,2022-10-29,independent,,caucasian,,,false,2022-10-29,618,UT,field,evc_funded,Tablet,office_2,2022-05-09,2022-05-09 02:00:00.000,"October  ",2ear
e16dce72-f18e-4598-b5e1-f291d322a735,org_1,8621,Bradley,Veronica,Hernandez,II,9145 Johnson Mission,8,West Katelynberg,IN,12750,07289 Tucker Islands Apt. 544,9,Valdezside,SD,07943,county_8,other,1957-08-17,2217380337,david22hotmail.com,2022-03-25,republican,,nativeAmerican,,,false,2022-03-25,79,AK,field,evc_funded,Web,office_3,2022-07-24,2022-07-24 02:00:00.000,"March    ",2ear
e5f6e0d2-6b7d-47cd-8ea7-1176b5cbe10f,org_3,7710,Amanda,Paige,Munoz,DDS,009 Sims Islands Apt. 784,7,Tamifurt,AL,74119,73879 Daniel Lock Apt. 696,2,Bucktown,MT,83304,county_6,male,1970-04-10,4005054663,david895hotmail.com,2022-04-28,republican,,nativeAmerican,,,false,2022-04-28,8844,SD,field,evc_funded,Web,office_1,2021-11-11,2021-11-11 02:00:00.000,"April    ",2ear
6921b029-3c8c-45e2-843d-59cfca4464b0,org_5,5939,Peter,Joshua,Owens,III,17225 Martin River,0,Dariusberg,PA,67060,067 Bird Knolls Apt. 460,0,Wilsonhaven,DE,90344,county_8,male,1996-05-23,2562293202,desiree552hotmail.com,2022-08-31,independent,,unknown,,,false,2022-08-31,318,NJ,field,evc_funded,Tablet,office_2,2022-06-13,2022-06-13 02:00:00.000,"August   ",2ear
0105b3ca-da02-47d9-aae0-539270c5850e,org_3,8867,Jeff,Stacey,Lopez,IV,54617 Thomas Turnpike Suite 373,6,Saraborough,TX,25345,678 Byrd Turnpike Apt. 034,0,Gouldstad,IN,45382,county_4,other,1985-04-17,5527631745,dnelson6hotmail.com,2022-03-11,independent,,black,,,false,2022-03-11,1572,IN,field,evc_funded,Tablet,office_3,2022-05-29,2022-05-29 02:00:00.000,"March    ",2ear
0c2c67f2-400a-45f7-a162-2fd180a04f2f,org_3,6339,Michael,Theresa,Pearson,V,9951 Chase Brooks Apt. 204,4,North Dawntown,KY,14436,260 Jeff Estates Suite 809,4,East Brendaton,WY,88062,county_6,male,1914-04-10,9021933451,evillanuevahotmail.com,2022-05-16,democrat,,unknown,,,false,2022-05-16,4648,NY,field,evc_funded,Tablet,office_1,2022-06-30,2022-06-30 02:00:00.000,"May      ",2ear
43ca07ba-0020-40d9-8544-723c647dcd81,org_5,7428,James,Richard,Johnson,Jr.,1372 Morales Squares Suite 936,7,Lake Pamela,RI,36279,760 Moreno Hills,5,New Samantha,AR,11409,county_8,male,1909-10-27,2548331184,garciarobert5gmail.com,2021-12-21,democrat,,other,,,false,2021-12-21,8397,DC,field,evc_funded,Web,office_6,2022-03-27,2022-03-27 02:00:00.000,"December ",1ear
8ccc741a-c6ca-410a-a689-d47421b436d9,org_4,7392,Devon,Sabrina,Reid,V,92585 Davis Vista Suite 403,1,North Dana,KY,52378,31223 Larry Alley Suite 588,2,Josefort,MT,59953,county_2,female,1970-08-13,7561780293,ginamartinezyahoo.com,2022-05-29,independent,,black,,,false,2022-05-29,4942,PR,field,evc_funded,Tablet,office_7,2022-08-09,2022-08-09 02:00:00.000,"May      ",2ear
8918b682-4f4a-453e-b430-051376e31f5a,org_1,1381,Kyle,Nancy,Gutierrez,IV,07067 Clark Radial Apt. 040,5,Savannahland,VI,64784,95672 Foster Crossing,4,North Christophermouth,IL,91288,county_4,male,1997-02-14,4572547876,hdiaz5gmail.com,2022-02-14,democrat,,nativeAmerican,,,false,2022-02-14,9599,IN,field,evc_funded,API,office_2,2022-04-25,2022-04-25 02:00:00.000,"February ",2ear
f6adde3b-497d-4418-9ac0-362b9106f4eb,org_4,1913,Damon,Matthew,Kim,PhD,5000 Jamie Centers Suite 833,3,North Anthonyfurt,MT,74334,800 David Well Apt. 314,8,Danielburgh,ID,97002,county_2,female,1972-02-25,17709035,hernandezjamesyahoo.com,2022-01-20,independent,,nativeAmerican,,,false,2022-01-20,4474,AZ,field,evc_funded,Web,office_3,2022-05-03,2022-05-03 02:00:00.000,"January  ",2ear
c838892b-1afa-4aff-a5da-50e20585f1c6,org_1,5371,James,Raymond,Rice,DDS,24864 Savage Lakes Apt. 902,0,Dawnberg,FL,74099,528 Thomas Rue,7,Lewisberg,AK,47133,county_3,male,1956-07-01,3477634402,iwhitehead3gmail.com,2022-11-01,democrat,,asian,,,false,2022-11-01,932,MS,field,evc_funded,Web,office_2,2021-11-20,2021-11-20 02:00:00.000,"November ",2ear
288f39d7-eae0-4c28-942e-709697cd5d01,org_5,6930,Elizabeth,Heidi,Nelson,MD,96319 Morton Crossing Suite 858,1,Kellyberg,OR,94851,2226 Ray Plain,1,Cookland,NH,22000,county_2,female,1917-01-27,8735790483,jennifer405yahoo.com,2021-11-25,republican,,hispanic,,,false,2021-11-25,9814,MI,field,evc_funded,Web,office_3,2022-09-09,2022-09-09 02:00:00.000,"November ",1ear
8c1a026d-46d7-4cca-9f03-ec0746f17e94,org_3,2655,Maria,Ariana,Walters,DDS,831 Brandon Neck,3,West Stephaniestad,NE,40083,37097 Wendy Squares,8,Coxview,OK,37894,county_3,female,1936-10-16,386317408,josephhartman8gmail.com,2022-01-06,democrat,,hispanic,,,false,2022-01-06,1453,OK,field,evc_funded,Web,office_1,2022-01-13,2022-01-13 02:00:00.000,"January  ",2ear
f2f6e8b4-aab1-44d5-b374-27ebb9c6dcdd,org_5,4478,Joshua,Isabel,Price,Jr.,200 Benjamin Station,4,East Tyler,TN,11514,921 Roberts Avenue Apt. 403,3,Keithfort,VI,02625,county_6,female,1964-01-07,1778282492,karenbeardgmail.com,2022-09-06,democrat,,asian,,,false,2022-09-06,6500,PA,field,evc_funded,API,office_6,2022-01-19,2022-01-19 02:00:00.000,September,2ear
a1f78c92-c9e2-4c69-96ce-b3ede5cb7e35,org_4,6254,Chelsea,Lydia,Walker,III,1553 Patel Landing,0,Port Jonathanport,VT,32706,1727 Williams Bridge,4,East Anthony,MI,03287,county_5,female,1954-10-26,569599285,kmeyeryahoo.com,2022-03-02,democrat,,unknown,,,false,2022-03-02,5176,NM,field,evc_funded,Web,office_2,2022-08-27,2022-08-27 02:00:00.000,"March    ",2ear
78a9fe3a-dc34-4ceb-a054-2e059ae615fc,org_2,7539,Justin,Audrey,Lewis,MD,197 Brewer Park Suite 329,4,East Christine,OR,81211,633 Jose Gateway Apt. 966,1,Myersfort,LA,28696,county_6,other,1950-04-04,8819800666,laura578gmail.com,2022-11-06,democrat,,hispanic,,,false,2022-11-06,3623,VI,field,evc_funded,API,office_5,2022-07-13,2022-07-13 02:00:00.000,"November ",2ear
a7c95631-ed93-43a3-a37d-32dacff64246,org_4,4487,Lisa,Charles,Barnett,III,40731 Michael Shore Apt. 418,0,South David,IA,49485,73979 Mcdowell Ranch,6,Hutchinsonfurt,MN,82628,county_2,male,1935-01-20,9928168502,laurencook5yahoo.com,2022-01-01,democrat,,nativeAmerican,,,false,2022-01-01,7763,WA,field,evc_funded,Tablet,office_4,2022-10-15,2022-10-15 02:00:00.000,"January  ",2ear
9c97beb6-47a1-499f-be01-75817a50355e,org_2,8749,Tammy,Jennifer,Ray,IV,165 Davis Forest Suite 878,1,West Kristenshire,AZ,04214,767 Kyle Junction,0,Littlemouth,DE,84542,county_2,female,1950-11-03,4695744691,lisa744yahoo.com,2022-03-29,democrat,,nativeAmerican,,,false,2022-03-29,1259,MT,field,evc_funded,API,office_2,2022-10-23,2022-10-23 02:00:00.000,"March    ",2ear
d60fb4b1-9968-4190-9d96-0f98b37be14e,org_4,6794,Meghan,Regina,Martinez,PhD,297 Rebecca Neck Suite 767,7,Victorport,FL,21173,547 Alexander Crescent,4,Timothyfurt,LA,81644,county_3,male,1923-05-26,9264961886,marc674hotmail.com,2022-08-28,independent,,other,,,false,2022-08-28,4172,NJ,field,evc_funded,API,office_2,2022-01-23,2022-01-23 02:00:00.000,"August   ",2ear
8a26cf8f-5ff7-4c16-ad42-4e988e2cab60,org_3,6167,Thomas,Lisa,Ballard,DDS,62111 David Lock Suite 581,9,South Brent,FL,83326,640 Brian Spring Suite 056,6,Stephanieport,VI,13109,county_7,male,1979-10-20,3640268209,megan01yahoo.com,2022-05-28,democrat,,hispanic,,,false,2022-05-28,1596,LA,field,evc_funded,API,office_1,2022-01-09,2022-01-09 02:00:00.000,"May      ",2ear
40403a2b-54d2-448c-b44f-fe83c8ac5639,org_4,8849,Barbara,Darren,Wong,DDS,06779 Stephens Road Apt. 988,7,Randallmouth,MT,51094,17921 Chris Inlet Suite 041,5,East Angel,SD,12549,county_3,female,1926-06-15,1728028800,melissajordanyahoo.com,2021-12-30,republican,,other,,,false,2021-12-30,1909,GA,field,evc_funded,Tablet,office_4,2021-12-16,2021-12-16 02:00:00.000,"December ",1ear
ada65998-162b-4c71-8a76-ba4a8ed625f6,org_4,3066,Matthew,Mary,Smith,DVM,188 Patterson Garden,2,New Brady,TN,24278,03936 Regina Creek Apt. 338,3,North Heatherland,OR,85913,county_6,female,1921-06-02,2627509287,michael47yahoo.com,2022-10-03,democrat,,nativeAmerican,,,false,2022-10-03,2473,PR,field,evc_funded,Web,office_7,2022-04-20,2022-04-20 02:00:00.000,"October  ",2ear
12de2b24-4fcc-4afc-8b50-2f69599f155a,org_4,4841,Jennifer,Anthony,Garcia,MD,8603 Christopher Station Suite 049,7,Priscillachester,IA,90551,899 James Camp,8,Meganville,VT,79740,county_2,other,1973-02-05,491836432,perezmichael5hotmail.com,2021-12-10,independent,,caucasian,,,false,2021-12-10,2418,IL,field,evc_funded,Web,office_3,2022-06-03,2022-06-03 02:00:00.000,"December ",1ear
a62923cd-7f8f-4441-8ef5-4c3dad29b40a,org_5,5747,Jesse,Stephen,Hall,DVM,16535 Jones Mount,5,South Scott,NH,18046,345 Cory Freeway Suite 352,5,Port Derek,WI,72669,county_5,female,1976-01-19,9564891546,petermorenogmail.com,2022-03-08,independent,,black,,,false,2022-03-08,2737,NM,field,evc_funded,Tablet,office_6,2021-12-31,2021-12-31 02:00:00.000,"March    ",2ear
7f5a2b17-e888-488f-a926-8b41d6448723,org_2,1563,Benjamin,Pamela,Coleman,V,4582 Medina Drive,5,Lake Markborough,VA,72924,117 Evans Garden,1,Catherineburgh,UT,86965,county_2,other,1979-08-13,4455484695,philipsimongmail.com,2022-11-05,republican,,black,,,true,2022-11-05,7451,ME,field,evc_funded,Tablet,office_2,2021-11-17,2021-11-17 02:00:00.000,"November ",2ear
5f2c9ed8-d86d-4c35-9c97-79fe3de2c0a7,org_1,5024,Sara,Megan,Gilbert,V,309 Stephen Route,3,West Randall,AL,47632,0957 Martinez Mountain,2,Port Nichole,SC,08742,county_1,male,1962-01-26,4088316229,psinghgmail.com,2022-01-04,republican,,hispanic,,,false,2022-01-04,1771,DC,field,evc_funded,API,office_4,2022-08-17,2022-08-17 02:00:00.000,"January  ",2ear
bfb1c7cd-dfaa-4085-a2b5-b8f066da4052,org_3,5454,Melinda,Nicholas,Johnson,II,30277 John Stream,8,Lake Sara,WV,92666,238 Robinson Heights Suite 127,0,West Joseph,AR,74499,county_2,male,2005-10-15,595340056,qtaylor9gmail.com,2022-05-01,republican,,caucasian,,,false,2022-05-01,2588,MD,field,evc_funded,Web,office_8,2022-10-22,2022-10-22 02:00:00.000,"May      ",2ear
16307675-736f-4edd-b1f4-14f3c51fa8e2,org_3,907,Zachary,Thomas,Henderson,MD,6606 Gonzalez Lock,8,Annberg,ND,69060,591 Chapman Cape,1,Lake Brandy,KY,57973,county_8,male,2006-01-17,9507944833,rachelwellshotmail.com,2022-09-08,democrat,,other,,,false,2022-09-08,5423,NV,field,evc_funded,API,office_1,2021-12-21,2021-12-21 02:00:00.000,September,2ear
c3cc5cf6-3e0d-4447-909f-d27e2f9afa2c,org_3,4836,Mitchell,James,Kelly,Jr.,730 Mark Bypass,3,Butlerborough,WA,03307,614 Robert Isle Apt. 246,2,Reyesfurt,CT,24712,county_5,male,1930-09-06,5245942405,reginald445gmail.com,2022-05-28,independent,,asian,,,false,2022-05-28,7122,GA,field,evc_funded,API,office_5,2022-03-20,2022-03-20 02:00:00.000,"May      ",2ear
c5ce51e0-036e-42cb-8fb9-a0255c85aadd,org_4,9931,Adam,Melinda,Curry,MD,6697 Butler Avenue,4,North Victoriastad,IL,12585,5015 White Shoals Apt. 447,8,Kellymouth,NE,51243,county_4,female,1953-06-03,8215679166,rle4yahoo.com,2022-03-25,democrat,,black,,,false,2022-03-25,1360,KY,field,evc_funded,Tablet,office_1,2022-03-31,2022-03-31 02:00:00.000,"March    ",2ear
2cb35c31-0d7a-428d-989c-0c1e9301ee1a,org_4,2306,Karen,Cynthia,Rogers,MD,950 Clarke Meadow Suite 043,6,New Jefffort,MN,61859,780 John Crescent Apt. 233,4,New Davidton,WA,01382,county_3,female,2005-10-15,935599049,roberta939hotmail.com,2022-04-07,independent,,black,,,false,2022-04-07,2667,WA,field,evc_funded,API,office_5,2022-04-13,2022-04-13 02:00:00.000,"April    ",2ear
50430ef4-39db-43c8-a779-3c9337c64274,org_4,8363,Christopher,Bridget,Cabrera,DVM,140 Sarah Oval,8,East Luis,OR,01504,21530 Montgomery Cliff Suite 966,4,Angelaport,MT,55268,county_6,female,1955-05-21,1518080722,rosaleskathryn7yahoo.com,2022-01-02,republican,,other,,,false,2022-01-02,8216,NV,field,evc_funded,Tablet,office_7,2021-12-06,2021-12-06 02:00:00.000,"January  ",2ear
71d0b236-3a89-4c34-8a16-490d04e95bdd,org_3,4790,Ryan,Andrew,Kim,IV,47582 Moore Haven Apt. 346,0,Garcialand,AR,57718,4311 Bates Mountains Suite 677,3,Lake Christopherburgh,MN,90740,county_4,other,1910-08-20,318925957,shannon40hotmail.com,2022-07-08,democrat,,hispanic,,,false,2022-07-08,8256,AR,field,evc_funded,Tablet,office_1,2022-04-01,2022-04-01 02:00:00.000,"July     ",2ear
67a7ccde-7692-4193-a85b-f57ddaaa7b93,org_2,1334,Michael,Christopher,Becker,DVM,4396 Eugene Key,3,Ryanchester,HI,52648,2663 Lindsey Wall Apt. 867,1,North Tonyafort,SC,33242,county_4,male,1919-05-12,4334204798,smithjenniferhotmail.com,2021-12-11,democrat,,asian,,,false,2021-12-11,5517,NC,field,evc_funded,Web,office_3,2022-04-07,2022-04-07 02:00:00.000,"December ",1ear
7a8d8aa4-1650-4710-951e-3a311116bce7,org_3,6244,Joel,Christopher,Ferrell,II,404 Lori Park Suite 444,4,Hughesmouth,PA,45972,07692 Shaw Forges,6,Douglasville,NM,21521,county_4,male,1991-01-17,8143938076,sreid3hotmail.com,2022-07-13,independent,,asian,,,false,2022-07-13,2417,MS,field,evc_funded,Web,office_7,2022-07-13,2022-07-13 02:00:00.000,"July     ",2ear
062c215e-d709-4000-ae67-72f44d6013aa,org_4,81,David,Carly,Weber,II,679 Gentry Point,5,East Jesus,MT,59634,264 Hudson Lodge Suite 450,6,East Shawnville,MN,42773,county_3,male,1969-07-29,8976937190,stephanie56gmail.com,2021-11-09,independent,,asian,,,false,2021-11-09,7899,IL,field,evc_funded,API,office_4,2022-03-28,2022-03-28 02:00:00.000,"November ",1ear
1cb0a312-4978-4137-8624-857a2c2af60d,org_1,2209,Brian,Joshua,King,Jr.,8513 Richard Shores Suite 057,8,Santosville,MO,28881,16834 Tracy Ridge Apt. 096,7,Williamburgh,UT,27370,county_1,female,1984-11-22,7819757487,stevenhiggins3hotmail.com,2022-11-05,democrat,,asian,,,false,2022-11-05,886,NV,field,evc_funded,API,office_3,2022-10-10,2022-10-10 02:00:00.000,"November ",2ear
6eda0154-c1dd-4f71-84e5-3641981283b3,org_5,5927,David,Chelsea,Perkins,III,10615 Kristopher Brooks Apt. 925,5,North Joseph,WY,08787,304 Jennifer Lights,5,West Tylermouth,VI,76987,county_2,male,1972-01-06,6452997514,uglover8hotmail.com,2021-11-10,democrat,,other,,,false,2021-11-10,4736,WY,field,evc_funded,Web,office_8,2021-12-24,2021-12-24 02:00:00.000,"November ",1ear
992b2e20-2781-4f6b-a04f-5d872ef2e6aa,org_2,3613,Joseph,Debbie,James,Jr.,2036 Alicia Alley,8,West Roytown,FL,23168,4095 Daniel Square,4,East Davidton,SC,79251,county_8,female,2006-07-10,9681237069,velazquezdawngmail.com,2022-08-14,republican,,unknown,,,false,2022-08-14,8092,CT,field,evc_funded,Tablet,office_6,2022-05-17,2022-05-17 02:00:00.000,"August   ",2ear
512b2a11-5842-4613-968d-bc6882f8d0d1,org_2,5821,Michael,Thomas,Shaw,DVM,2566 Taylor Port,6,South Richardtown,LA,27373,42885 Vicki Knoll,3,Albertshire,MA,89061,county_8,other,1931-11-05,4904767715,weberravenyahoo.com,2022-09-21,republican,,black,,,false,2022-09-21,7691,KS,field,evc_funded,API,office_1,2022-07-17,2022-07-17 02:00:00.000,September,2ear
84c29c25-54fd-4c86-8f0d-f6f1f5944ecb,org_3,3972,Phillip,Mary,Salazar,DDS,879 Fisher Streets Apt. 892,3,Lake Jason,AR,55474,8725 Anderson Avenue,0,Gutierrezberg,WA,74027,county_1,male,1970-03-05,1123331503,yhortonhotmail.com,2022-03-15,republican,,other,,,false,2022-03-15,2144,AK,field,evc_funded,Web,office_4,2022-09-05,2022-09-05 02:00:00.000,"March    ",2ear
08686952-d57e-4b05-9892-6fddb071be2d,org_1,418,Kenneth,Barbara,Rose,MD,190 Pennington Prairie Suite 188,7,Ericborough,WY,14408,62838 Mcclain Estates,1,Lisaberg,VA,49470,county_6,male,1963-07-06,8068068432,ywebb3yahoo.com,2022-06-08,independent,,hispanic,,,false,2022-06-08,6558,NV,field,evc_funded,Tablet,office_1,2022-07-26,2022-07-26 02:00:00.000,"June     ",2ear